Metro Name,Population,Households,Average HHI,25th Percentile,Median HHI,75th Percentile,90th Percentile,99th Percentile
"Abilene, TX",217882,97160,"$78,788.97","$21,601.00","$44,688.00","$100,040.00","$241,304.00",--
"Akron, OH",696955,314052,"$85,317.72","$39,099.00","$71,456.00","$114,262.00","$195,417.00",--
"Albany-Schenectady-Troy, NY",779727,372843,"$93,216.03","$36,106.00","$67,402.00","$143,815.00","$198,150.00",--
"Albuquerque, NM",946438,403492,"$80,929.21","$29,760.00","$55,061.00","$100,700.00","$165,751.00","$459,249.00"
"Allentown-Bethlehem-Easton, PA/NJ",809064,300056,"$85,212.98","$35,936.00","$57,007.00","$110,125.00","$186,532.00",--
"Amarillo, TX",311064,120722,"$88,768.34","$40,000.00","$85,039.00","$114,200.00","$175,425.00",--
"Ann Arbor, MI",403619,175001,"$98,034.12","$42,802.00","$75,023.00","$116,951.00","$229,260.00",--
"Appleton, WI",270606,110034,"$103,695.19","$54,926.00","$81,507.00","$145,567.00","$226,000.00",--
"Oshkosh-Neenah, WI",191750,71782,"$77,357.53","$32,454.00","$64,828.00","$89,188.00","$137,114.00",--
"Asheville, NC",526765,201211,"$95,825.03","$33,156.00","$75,005.00","$136,498.00","$234,500.00",--
"Athens-Clark County, GA",196999,72879,"$62,907.25","$22,750.00","$40,005.00","$91,101.00","$142,027.00",--
"Atlanta-Sandy Springs-Marietta, GA",6094467,2419334,"$107,678.03","$36,360.00","$71,567.00","$130,000.00","$212,622.00","$677,389.00"
"Atlantic City, NJ",227577,98346,"$88,398.80","$37,071.00","$81,501.00","$113,540.00","$175,403.00",--
"Auburn-Opelika, AL",324974,135629,"$114,663.90","$25,000.00","$50,000.00","$104,065.00","$205,300.00",--
"Augusta-Richmond County, GA-SC",572750,233525,"$63,184.55","$24,410.00","$42,000.00","$82,675.00","$148,003.00",--
"Austin-Round Rock, TX",1733081,674835,"$122,113.62","$57,052.00","$96,002.00","$152,188.00","$229,940.00",--
"Bakersfield, CA",1031887,333510,"$82,351.03","$27,264.00","$51,200.00","$90,803.00","$175,550.00",--
"Baltimore-Towson-Columbia, MD",2763320,1096959,"$112,918.96","$36,176.00","$76,712.00","$149,525.00","$241,105.00","$502,738.00"
"Bangor, ME",167415,70508,"$76,450.42","$29,224.00","$61,051.00","$105,147.00","$160,070.00",--
"Barnstable Town, MA",186737,85266,"$146,003.14","$73,710.00","$93,965.00","$203,462.00","$338,004.00",--
"Baton Rouge, LA",932047,351378,"$96,145.56","$29,413.00","$65,813.00","$127,305.00","$194,210.00","$516,412.00"
"Battle Creek, MI",282330,120280,"$77,869.24","$23,485.00","$55,179.00","$94,299.00","$164,280.00",--
"Beaumont-Port Arthur, TX",410530,145762,"$64,640.51","$19,200.00","$43,957.00","$63,500.00","$100,000.00",--
"Niles-Benton Harbor, MI",137827,53635,"$95,898.46","$56,000.00","$78,120.00","$130,581.00","$193,268.00",--
"Billings, MT",168208,68254,"$82,213.16","$31,520.00","$53,400.00","$112,606.00","$171,012.00",--
"Bend, OR",367464,147792,"$102,917.44","$39,500.00","$78,000.00","$133,935.00","$207,034.00",--
"Binghamton, NY",300768,130622,"$87,150.33","$27,167.00","$62,400.00","$113,075.00","$172,710.00",--
"Birmingham-Hoover, AL",1198152,481258,"$85,476.36","$28,803.00","$54,193.00","$105,070.00","$173,526.00","$607,640.00"
"Blacksburg-Christiansburg-Radford, VA",181225,94970,"$124,444.65","$40,512.00","$65,932.00","$125,794.00","$255,714.00",--
"Bloomington, IN",183989,68524,"$110,641.98","$56,014.00","$113,918.00","$157,899.00","$179,811.00",--
"Bloomington, IL",248530,97564,"$154,646.57","$35,000.00","$97,300.00","$175,020.00","$331,351.00",--
"Boise City-Nampa, ID",751773,292240,"$98,248.70","$44,257.00","$73,159.00","$122,580.00","$208,546.00","$381,550.00"
"Boston-Cambridge-Newton, MA-NH",4736698,1943852,"$140,914.47","$48,068.00","$100,000.00","$180,113.00","$286,836.00","$699,700.00"
"Bowling Green, KY",260188,100350,"$77,543.02","$30,610.00","$50,251.00","$90,030.00","$164,200.00",--
"Bridgeport-Stamford-Norwalk, CT",1050945,389095,"$149,197.74","$51,800.00","$97,310.00","$166,247.00","$340,880.00",--
"Brownsville-Harlingen, TX",424764,130589,"$55,194.44","$22,740.00","$44,344.00","$75,600.00","$108,200.00",--
"Buffalo-Niagara Falls, NY",1074260,451537,"$79,779.95","$30,341.00","$55,380.00","$107,580.00","$184,604.00",--
"Burlington, NC",410128,176955,"$58,146.72","$18,320.00","$48,000.00","$93,242.00","$118,000.00",--
"California-Lexington Park, MD",223918,70809,"$140,081.50","$46,555.00","$155,000.00","$210,268.00","$257,200.00",--
"Burlington-South Burlington, VT",219143,96514,"$110,560.82","$42,000.00","$74,481.00","$142,981.00","$204,952.00","$592,645.00"
"Canton-Massillon, OH",358012,132423,"$78,214.78","$30,000.00","$70,266.00","$97,795.00","$173,917.00",--
"Carbondale-Marion, IL",116329,44892,"$70,528.07","$15,600.00","$66,500.00","$106,260.00","$190,000.00",--
"Cedar Rapids, IA",264788,110790,"$96,800.68","$37,285.00","$78,251.00","$136,512.00","$178,850.00",--
"Chambersburg-Waynesboro, PA",291354,100302,"$107,439.47","$49,570.00","$70,741.00","$117,800.00","$165,800.00",--
"Champaign-Urbana, IL",231902,94251,"$88,925.67","$31,888.00","$65,000.00","$119,001.00","$200,040.00",--
"Charleston-North Charleston, SC",201424,91743,"$84,699.61","$20,802.00","$40,735.00","$91,000.00","$141,012.00",--
"Charleston, WV",681589,317914,"$104,801.29","$32,000.00","$70,000.00","$120,019.00","$211,522.00",--
"Charlotte-Gastonia-Concord, NC/SC",2599978,1054823,"$101,159.17","$43,015.00","$79,004.00","$126,024.00","$215,236.00","$424,515.00"
"Charlottesville, VA",306474,119890,"$140,256.97","$26,275.00","$91,000.00","$156,657.00","$295,336.00",--
"Chattanooga, TN/GA",535368,240777,"$99,186.89","$30,000.00","$57,500.00","$138,052.00","$197,986.00",--
"Chicago-Naperville-Joliet, IL-IN-WI",9380420,3654610,"$112,650.65","$38,640.00","$80,599.00","$140,591.00","$229,009.00","$677,000.00"
"Chico,CA",226684,91137,"$57,703.25","$26,302.00","$50,875.00","$76,301.00","$100,201.00",--
"Cincinnati-Middleton, OH/KY/IN",1701902,715920,"$99,151.53","$40,027.00","$68,211.00","$121,240.00","$200,335.00","$460,000.00"
"Clarksville, TN/KY, TN/KY",431096,147812,"$82,512.93","$31,249.00","$52,000.00","$117,916.00","$185,087.00",--
"Cleveland-Lorain-Mentor, OH",2370790,988770,"$90,274.14","$24,200.00","$58,024.00","$107,883.00","$200,212.00","$880,101.00"
"Cleveland, TN",214218,85214,"$67,635.63","$21,480.00","$36,502.00","$96,000.00","$167,619.00",--
"Coeur d'Alene, ID",198744,78873,"$91,886.36","$45,000.00","$70,000.00","$115,000.00","$178,100.00",--
"College Station-Bryan, TX",316503,95735,"$105,861.25","$28,000.00","$52,400.00","$115,904.00","$263,125.00",--
"Colorado Springs, CO",782841,305611,"$110,211.91","$47,994.00","$91,941.00","$150,480.00","$202,617.00",--
"Columbia, SC",992549,420754,"$87,317.40","$31,720.00","$58,006.00","$95,378.00","$180,420.00",--
"Columbus, GA/AL",213799,101481,"$64,753.24","$22,000.00","$39,143.00","$80,000.00","$152,762.00",--
"Columbus, OH",2180790,838382,"$88,664.36","$35,450.00","$70,800.00","$116,052.00","$183,092.00","$349,904.00"
"Corpus Christi, TX",314060,115755,"$72,589.13","$21,324.00","$59,233.00","$92,204.00","$165,535.00",--
"Dallas-Fort Worth-Arlington, TX",7346720,2775151,"$110,176.53","$38,000.00","$72,000.00","$128,458.00","$197,227.00","$955,226.00"
"Daphne-Fairhope-Foley, AL",364124,150273,"$72,878.59","$26,539.00","$51,912.00","$105,002.00","$156,397.00",--
"Davenport-Rock Island-Moline, IA/IL",479488,181601,"$73,724.33","$27,200.00","$49,721.00","$94,075.00","$181,050.00",--
"Dayton, OH",743088,327488,"$70,784.32","$27,037.00","$51,680.00","$83,101.00","$116,002.00",--
"Deltona-Daytona Beach-Ormond Beach, FL",752896,310401,"$61,914.40","$23,700.00","$52,000.00","$89,407.00","$135,001.00",--
"Boulder, CO",424012,168102,"$117,046.54","$47,070.00","$93,002.00","$150,264.00","$264,294.00",--
"Denver-Aurora, CO",3046609,1249939,"$124,869.06","$46,003.00","$95,112.00","$166,512.00","$264,506.00","$510,263.00"
"Des Moines, IA",641989,257750,"$88,157.52","$30,000.00","$65,141.00","$125,308.00","$193,754.00",--
"Detroit-Warren-Livonia, MI",4545328,1876070,"$98,990.40","$33,000.00","$67,888.00","$131,474.00","$200,420.00","$514,274.00"
"Dover, DE",234612,89133,"$73,770.59","$28,335.00","$55,680.00","$102,069.00","$145,822.00",--
"East Stroudsburg, PA",354682,141801,"$95,447.08","$41,005.00","$77,713.00","$129,304.00","$193,605.00",--
"El Paso, TX",950865,321684,"$57,638.10","$20,004.00","$41,732.00","$74,928.00","$125,405.00",--
"Elkhart-Goshen, IN",267917,98965,"$103,613.90","$41,377.00","$83,826.00","$140,591.00","$178,477.00",--
"Erie, PA",280600,126218,"$84,507.47","$31,900.00","$64,005.00","$109,628.00","$161,036.00",--
"Eugene-Springfield, OR",349619,143942,"$90,225.20","$39,855.00","$66,274.00","$112,200.00","$170,000.00",--
"Evansville, IN/KY",272676,119726,"$75,467.87","$16,684.00","$55,501.00","$100,430.00","$152,248.00",--
"Fargo, ND/MN",192439,77983,"$93,582.28","$33,040.00","$63,000.00","$118,859.46","$175,530.00","$565,106.00"
"Farmington, NM",111089,37195,"$58,894.00","$28,328.00","$46,728.00","$89,134.00","$116,001.00",--
"Fayetteville, NC",440302,180073,"$56,671.82","$27,400.00","$50,000.00","$70,000.00","$109,701.00",--
"Fayetteville-Springdale-Rogers, AR-MO",565520,211789,"$92,865.79","$32,394.00","$56,280.00","$116,863.00","$189,311.00",--
"Flint, MI",357147,157370,"$72,666.56","$20,000.00","$43,270.00","$86,230.00","$183,150.00",--
"Florence-Muscle Shoals, AL",178746,86460,"$71,943.74","$13,046.00","$45,614.00","$87,510.00","$128,458.00",--
"Florence, SC",159348,74381,"$62,917.22","$25,909.00","$59,685.00","$80,765.00","$124,506.00",--
"Fort Collins-Loveland, CO",325017,140222,"$85,330.11","$26,658.00","$60,318.00","$104,199.00","$161,102.00",--
"Fort Myers-Cape Coral, FL",734361,307096,"$66,881.67","$25,978.00","$59,121.00","$91,010.00","$151,770.00",--
"Port St. Lucie-Fort Pierce, FL",596190,243401,"$67,546.80","$24,529.00","$50,000.00","$96,200.00","$141,160.00",--
"Fort Smith, AR/OK",189555,83097,"$86,118.44","$26,570.00","$52,208.00","$89,000.00","$172,508.00",--
"Fort Wayne, IN",453973,183452,"$85,404.26","$31,335.00","$71,036.00","$110,092.00","$153,004.00",--
"Fresno, CA",871128,303879,"$82,618.39","$34,450.00","$58,997.00","$115,456.00","$172,511.00",--
"Gainesville, FL",291467,146150,"$62,151.10","$25,728.00","$45,204.00","$92,213.00","$132,851.00",--
"Gainesville, GA",276537,97654,"$82,236.54","$28,149.00","$67,199.00","$108,511.00","$162,365.00",--
"Glens Falls, NY",330192,141301,"$76,622.59","$30,001.00","$51,761.00","$100,040.00","$186,264.00",--
"Goldsboro, NC",366930,137003,"$70,707.85","$23,272.00","$68,156.00","$93,512.00","$160,107.00",--
"Grand Rapids-Wyoming, MI",947932,403615,"$87,991.80","$30,655.00","$59,000.00","$100,428.00","$231,927.00",--
"Greeley, CO",287516,96986,"$111,768.81","$52,200.00","$83,010.00","$137,524.00","$199,779.00",--
"Green Bay, WI",389706,143772,"$106,850.02","$52,857.00","$81,821.00","$133,928.00","$178,010.00",--
"Winston-Salem, NC",535075,237681,"$79,950.98","$25,529.00","$60,029.00","$105,080.00","$161,046.00",--
"Greensboro-High Point, NC",712206,307379,"$82,713.01","$22,201.00","$51,808.00","$116,012.00","$210,258.00",--
"Greenville, NC",236381,109963,"$56,183.31","$21,398.00","$46,028.00","$84,520.00","$134,720.00",--
"Greenville, SC",826884,362941,"$81,677.47","$34,201.00","$60,001.00","$104,729.00","$174,797.00",--
"Spartanburg, SC",297812,120077,"$104,414.32","$34,122.00","$65,213.00","$137,500.00","$176,301.00",--
"Hagerstown-Martinsburg, MD-WV",148872,57970,"$85,478.71","$36,000.00","$68,000.00","$125,094.00","$173,649.00",--
"Hanford-Corcoran, CA",362536,125376,"$63,311.42","$26,435.00","$49,790.00","$88,800.00","$124,100.00",--
"Harrisburg-Carlisle, PA",581999,239912,"$98,462.75","$35,000.00","$64,010.00","$121,991.00","$220,162.00",--
"Hartford-West Hartford-East Hartford, CT",1088120,484434,"$98,943.75","$36,006.00","$75,006.00","$142,661.00","$225,456.00",--
"Hickory-Morganton-Lenoir, NC",451179,186196,"$54,852.81","$20,000.00","$38,946.00","$80,031.00","$122,302.00",--
"Hilton Head Island-Bluffton-Beaufort, SC",157417,68991,"$65,043.29","$35,000.00","$61,502.00","$80,826.00","$108,538.00",--
"Houston-Baytown-Sugar Land, TX",8084651,2685851,"$104,546.32","$35,137.00","$75,892.00","$136,000.00","$222,611.00","$444,000.00"
"Huntington-Ashland,WV/KY/OH",177036,79368,"$58,985.54","$19,884.00","$43,300.00","$80,839.00","$123,184.00",--
"Huntsville,AL",424847,177807,"$99,308.08","$39,000.00","$65,052.00","$134,526.00","$226,088.00",--
"Idaho Falls, ID",113474,37862,"$100,198.51","$47,900.00","$90,520.00","$125,029.00","$192,206.00",--
"Indianapolis, IN",2113517,811202,"$117,748.55","$37,874.00","$72,346.00","$134,780.00","$255,022.00","$880,237.00"
"Iowa City, IA",201280,94637,"$105,230.24","$52,005.00","$93,123.00","$128,710.00","$230,757.00",--
"Jackson, MI",215044,92855,"$95,123.94","$42,903.00","$68,055.00","$133,010.00","$182,644.00",--
"Jackson, MS",550100,236527,"$67,557.31","$21,806.00","$42,000.00","$72,000.00","$117,000.00","$600,000.00"
"Jacksonville,FL",1682757,721377,"$87,091.15","$26,620.00","$61,057.00","$115,000.00","$180,011.00",--
"Jacksonville, NC",419424,145991,"$57,620.26","$27,000.00","$52,648.00","$85,051.00","$100,310.00",--
"Janvesville, WI",172693,79498,"$59,007.03","$27,009.00","$50,127.00","$66,371.00","$116,943.00",--
"Johnson City, TN",263518,122609,"$51,552.94","$21,328.00","$40,008.00","$70,522.00","$95,450.00",--
"Kingsport-Bristol, TN-VA",365293,157565,"$65,175.30","$26,813.00","$51,972.00","$88,432.00","$134,500.00",--
"Johnstown, PA",113690,55747,"$70,003.89","$27,289.00","$70,251.00","$94,807.00","$116,183.00",--
"Kahului-Wailuku-Lahaina, HI",136546,49730,"$76,529.05","$36,987.00","$60,090.00","$102,205.00","$150,217.00",--
"Kalamazoo-Portage, MI",230344,97979,"$453,758.46","$28,392.00","$73,000.00","$1,002,250.00","$1,597,952.00",--
"Kansas City, MO/KS",2162584,827907,"$97,162.09","$39,000.00","$72,552.00","$132,200.00","$188,187.00","$530,784.00"
"Kennewick-Richland, WA",402522,153246,"$91,031.14","$46,728.00","$88,130.00","$119,020.00","$171,258.00",--
"Killeen-Temple-Fort Hood, TX",440448,161651,"$70,045.37","$27,900.00","$53,920.00","$95,501.00","$111,350.00",--
"Knoxville, TN",966140,403784,"$88,014.41","$30,001.00","$57,401.00","$112,104.00","$201,830.00",--
"Lafayette, LA",435547,187836,"$62,982.18","$22,109.00","$43,171.00","$93,630.00","$135,044.00",--
"Lafayette-West Lafayette, IN",274599,95851,"$84,544.23","$44,506.00","$62,756.00","$115,012.00","$156,081.00",--
"Lake Charles, LA",204599,80109,"$86,837.26","$31,800.00","$56,944.00","$93,015.00","$169,440.00",--
"Lakeland-Winterhaven, FL",673078,257812,"$65,558.54","$25,502.00","$50,000.00","$72,786.00","$115,000.00",--
"Lancaster, PA",336366,155012,"$117,679.35","$55,870.00","$81,161.00","$174,275.00","$256,521.00",--
"Lansing-East Lansing, MI",484282,211936,"$102,595.61","$37,529.00","$70,160.00","$137,600.00","$234,570.00",--
"Laredo, TX",297354,87510,"$53,320.40","$25,000.00","$44,000.00","$75,553.00","$108,902.00",--
"Las Cruces, NM",241571,86285,"$63,972.01","$20,400.00","$49,600.00","$89,082.00","$136,196.00",--
"Las Vegas-Paradise, NV",2275027,937316,"$81,414.59","$30,000.00","$59,551.00","$108,253.00","$168,152.00","$407,756.00"
"Lexington-Fayette, KY",549713,242331,"$85,193.21","$35,360.00","$71,190.00","$111,324.00","$199,800.00",--
"Lewiston-Auburn, ME",107556,43575,"$62,562.73","$19,741.00","$46,206.00","$71,620.00","$105,534.00",--
"Little Rock-North Little Rock, AR",743808,332524,"$83,833.24","$28,000.00","$56,086.00","$97,858.00","$151,500.00","$724,007.00"
"Longview, TX",372060,143533,"$88,211.44","$19,475.00","$49,200.00","$109,255.00","$174,726.00",--
"Los Angeles-Long Beach-Anaheim, CA",13105237,4613902,"$106,618.35","$38,002.00","$75,000.00","$134,020.00","$223,751.00","$550,000.00"
"Louisville, KY/IN",1506767,615170,"$99,239.57","$40,070.00","$73,008.00","$128,230.00","$201,126.00","$547,480.00"
"Lubbock, TX",472216,161718,"$70,738.22","$29,000.00","$60,385.00","$106,168.00","$141,000.00",--
"Macon, GA",153331,64648,"$72,142.09","$28,632.00","$58,375.00","$103,084.00","$158,320.00",--
"Warner Robins, GA",173398,70288,"$77,494.36","$28,883.00","$57,387.00","$101,010.00","$162,657.00",--
"Madison, WI",620608,277041,"$121,658.49","$43,478.00","$78,445.00","$161,520.00","$232,840.00",--
"Manchester-Nashua, NH",441992,182668,"$111,856.40","$42,155.00","$97,355.00","$146,556.00","$228,208.00","$434,500.00"
"McAllen-Edinburg-Pharr, TX",847872,254205,"$78,947.76","$21,160.00","$38,000.00","$75,900.00","$122,000.00",--
"Medford, OR",265209,99665,"$68,259.58","$29,360.00","$53,709.00","$86,100.00","$130,968.00",--
"Palm Bay-Melbourne-Titusville, FL",581371,279071,"$86,748.06","$33,000.00","$68,501.00","$107,405.00","$175,977.00",--
"Memphis, TN/AR/MS",1440439,565953,"$76,941.74","$22,000.00","$51,640.00","$89,526.00","$153,000.00","$526,210.00"
"Miami-Fort Lauderdale-Miami Beach, FL",6348691,2591298,"$85,459.14","$29,125.00","$56,000.00","$105,231.00","$185,000.00","$534,999.00"
"Milwaukee-Waukesha-West Allis, WI",1664161,689006,"$95,060.90","$39,000.00","$70,695.00","$131,756.00","$207,138.00","$453,825.00"
"Minneapolis-St. Paul-Bloomington, MN/WI",3898279,1520197,"$132,004.57","$49,781.00","$97,802.00","$166,580.00","$263,055.00","$637,662.00"
"Mobile, AL",483441,193599,"$72,152.42","$25,200.00","$54,912.00","$105,859.00","$150,792.00",--
"Modesto, CA",534861,187256,"$74,239.06","$32,800.00","$70,800.00","$103,956.00","$151,641.00",--
"Monroe, LA",219518,85757,"$58,476.98","$18,100.00","$47,395.00","$88,473.00","$122,320.00",--
"Monroe, MI",238557,123167,"$58,635.78","$20,564.00","$40,283.00","$92,578.00","$132,002.00",--
"Montgomery, Al",368903,142284,"$108,102.73","$39,001.00","$75,756.00","$114,634.00","$204,110.00",--
"Morgantown, WV",132375,62070,"$100,568.56","$31,008.00","$61,980.00","$131,366.00","$174,405.00",--
"Mount Vernon-Anacortes, WA",278043,114261,"$104,512.03","$36,010.00","$81,167.00","$158,956.00","$211,366.00",--
"Muskegon-Norton Shores, MI",204874,86333,"$55,963.95","$21,983.00","$45,000.00","$78,512.00","$97,503.00",--
"Myrtle Beach-Conway-North Myrtle Beach, SC",521394,221270,"$67,739.42","$23,842.00","$49,560.00","$94,803.00","$145,822.00",--
"Naples-Marco Island, FL",309049,146473,"$83,092.41","$41,304.00","$64,371.00","$132,502.00","$153,484.00",--
"Nashville-Davidson-Murfreesboro, TN",1961350,814672,"$95,300.09","$35,526.00","$67,510.00","$125,610.00","$188,040.00","$458,513.00"
"New Haven-Milford, CT",736974,302649,"$93,978.84","$38,342.00","$69,200.00","$124,715.00","$180,203.00",--
"New Orleans-Metairie-Kenner, LA",1135638,495269,"$73,306.48","$25,600.00","$48,984.00","$94,428.00","$168,089.00","$391,400.00"
"New York-Northern New Jersey-Long Island, NY-NJ-PA",19748576,7514905,"$114,822.53","$36,000.00","$78,000.00","$150,433.00","$247,824.00","$563,200.00"
"Virginia Beach-Norfolk-Newport News, VA/NC",1480042,609774,"$89,138.41","$35,973.00","$67,550.00","$123,946.00","$191,321.00",--
"North Port-Sarasota-Bradenton, FL",674404,344066,"$90,264.92","$36,000.00","$70,888.00","$122,503.00","$187,925.00",--
"Norwich-New London, CT",331164,148843,"$103,253.81","$29,356.00","$82,500.00","$142,290.00","$195,819.00",--
"Ocala, FL",388944,163904,"$63,858.93","$21,841.00","$39,000.00","$75,000.00","$135,602.00",--
"Odessa, TX",197544,71803,"$69,860.51","$33,833.00","$65,040.00","$92,785.00","$120,000.00",--
"Midland, TX",790736,273376,"$116,094.70","$49,547.00","$95,000.00","$158,677.00","$225,402.00",--
"Oklahoma City, OK",1536936,648098,"$78,889.62","$30,000.00","$52,199.00","$109,611.00","$159,010.00","$430,201.00"
"Omaha-Council Bluffs, NE/IA",923507,381532,"$103,586.57","$33,501.00","$73,780.00","$145,346.00","$232,250.00","$391,547.00"
"Orlando, FL",2770093,1095728,"$90,795.59","$30,205.00","$65,448.00","$104,956.00","$167,112.00","$749,675.00"
"Panama City-Lynn Haven, FL",393851,162024,"$74,123.99","$40,000.00","$58,951.00","$109,357.00","$155,785.00",--
"Pensacola-Ferry Pass-Brent, FL",580421,214807,"$83,245.92","$31,190.00","$60,496.00","$115,900.00","$182,617.00",--
"Peoria, IL",355197,171156,"$73,303.98","$30,001.00","$58,037.00","$102,337.00","$158,434.00",--
"Philadelphia-Camden-Wilmington, PA/NJ/DE",5992201,2401806,"$113,137.66","$41,355.00","$86,530.00","$144,957.00","$234,080.00","$512,552.00"
"Phoenix-Mesa-Scottsdale, AZ",5101207,2025300,"$101,525.60","$37,022.00","$73,565.00","$129,022.00","$200,010.00","$631,602.00"
"Pine Bluff, AR",277971,119373,"$68,970.17","$23,502.00","$46,001.00","$101,646.00","$146,001.00",--
"Pittsburg, PA",2260377,975583,"$101,509.57","$33,456.00","$64,045.00","$117,180.00","$197,401.00","$580,778.00"
"Portland-South Portland, ME",528211,245166,"$111,362.22","$45,000.00","$78,744.00","$134,726.00","$208,020.00",--
"Portland-Vancouver-Beaverton, OR/WA",2486671,1000721,"$119,442.57","$49,165.00","$86,194.00","$145,215.00","$243,000.00","$633,900.00"
"Prescott, AZ",363406,141578,"$70,431.34","$39,284.00","$67,656.00","$99,295.00","$130,065.00",--
"Providence-Warwick, RI-MA",1608085,706545,"$96,527.31","$35,371.00","$76,000.00","$125,055.00","$213,684.00","$419,451.00"
"Provo-Orem, UT",635060,173813,"$115,280.41","$55,602.00","$91,030.00","$147,337.00","$209,047.00",--
"Racine, WI",267516,98743,"$140,293.73","$50,400.00","$112,803.00","$196,632.00","$255,060.00",--
"Durham, NC",690019,320115,"$93,705.97","$30,335.00","$60,012.00","$117,692.00","$202,202.00",--
"Raleigh-Carey, NC",1616581,664414,"$112,875.74","$37,440.00","$77,680.00","$150,626.00","$242,073.00","$778,441.00"
"Reading, PA",473968,186679,"$95,584.53","$33,672.00","$79,166.00","$142,836.00","$203,993.00",--
"Redding, CA",423683,154054,"$63,089.15","$23,002.00","$51,628.00","$105,000.00","$136,500.00",--
"Richmond, VA",1618205,642797,"$106,170.85","$45,000.00","$74,000.00","$133,040.00","$215,571.00","$478,105.00"
"Riverside-San Bernadino, CA",4525118,1512795,"$80,855.22","$27,349.00","$61,000.00","$108,214.00","$167,000.00","$375,615.00"
"Roanoke, VA",216850,94337,"$90,339.72","$54,786.00","$76,561.00","$109,100.00","$151,188.00",--
"Rochester, NY",1040790,403054,"$93,194.07","$33,800.00","$60,233.00","$120,042.00","$219,235.00",--
"Rockford, IL",306763,145051,"$99,155.54","$27,400.00","$57,813.00","$125,335.00","$239,469.00",--
"Sacramento-Arden Arcade-Roseville, CA",2308204,886317,"$111,636.67","$40,000.00","$77,920.00","$155,030.00","$263,872.00","$410,882.00"
"Saginaw-Saginaw Township North, MI",169537,82784,"$55,789.91","$25,861.00","$54,916.00","$62,530.00","$88,026.00",--
"St. George, UT",131638,51846,"$77,003.51","$32,724.00","$60,260.00","$100,000.00","$180,182.00",--
"St. Louis, MO/IL",2883807,1249781,"$104,908.89","$30,188.00","$65,410.00","$132,375.00","$213,314.00","$484,007.00"
"Salem, OR",429515,159080,"$99,817.44","$35,000.00","$64,334.00","$117,596.00","$245,203.00",--
"Salinas, CA",499846,164776,"$95,602.76","$32,350.00","$63,238.00","$108,001.00","$163,000.00",--
"Salisbury, MD",487022,188420,"$92,931.88","$32,700.00","$67,810.00","$108,480.00","$175,810.00",--
"Salt Lake City, UT",1217740,443400,"$109,792.20","$45,000.00","$83,000.00","$139,653.00","$215,630.00","$451,512.00"
"San Antonio, TX",2976041,1181717,"$98,678.76","$36,000.00","$71,353.00","$128,811.00","$210,726.00","$535,188.00"
"San Diego-Carlsbad-San Marcos, CA",3309750,1251710,"$107,232.81","$40,347.00","$85,018.00","$140,291.00","$220,941.00","$498,880.00"
"Vallejo-Fairfield, CA",428149,164138,"$97,335.49","$40,754.00","$71,580.00","$140,263.00","$201,000.00",--
"San Francisco-Oakland-Fremont, CA",4744440,1860492,"$150,156.76","$56,575.00","$109,005.00","$202,500.00","$318,850.00","$682,686.00"
"San Jose-Sunnyvale-Santa Clara, CA",2191626,747648,"$180,827.58","$70,601.00","$142,600.00","$253,773.00","$358,797.00","$796,500.00"
"San Luis Obispo-Paso Robles, CA",334469,123706,"$101,768.40","$43,946.00","$96,760.00","$140,549.00","$187,345.00",--
"Santa Barbara-Santa Maria, CA",392718,161597,"$86,410.17","$39,840.00","$73,003.00","$105,720.00","$173,000.00",--
"Santa Cruz-Watsonville, CA",347893,122680,"$93,747.81","$24,800.00","$64,251.00","$128,133.00","$235,734.00",--
"Santa Fe, NM",123033,61355,"$94,037.04","$32,751.00","$50,036.00","$120,366.00","$235,899.00",--
"Santa Rosa-Petaluma, CA",387209,141148,"$172,626.68","$82,980.00","$128,975.00","$232,974.00","$369,535.00",--
"Savannah, GA",463247,193730,"$82,850.06","$37,084.00","$63,172.00","$109,379.00","$164,000.00",--
"Scranton-Wilkes-Barre, PA",559761,222610,"$88,165.04","$31,273.00","$60,153.00","$122,062.00","$184,465.00",--
"Seattle-Tacoma-Bellevue, WA",4197181,1659470,"$126,051.36","$50,717.00","$99,809.00","$164,000.00","$261,200.00","$503,300.00"
"Sherman-Denison, TX",192973,81258,"$69,213.79","$19,439.00","$57,600.00","$76,200.00","$172,634.00",--
"Shreveport-Bossier City, LA",464901,184340,"$77,137.17","$30,000.00","$50,000.00","$92,000.00","$163,000.00",--
"Sioux Falls, SD",316570,129180,"$99,559.98","$43,903.00","$78,173.00","$128,000.00","$185,150.00","$441,744.00"
"South Bend-Mishawaka, IN",258269,101824,"$74,823.92","$36,005.00","$64,000.00","$90,040.00","$144,897.00",--
"Spokane, WA",643760,282263,"$87,336.70","$37,483.00","$62,813.00","$120,761.00","$175,625.00",--
"Springfield, IL",294465,128030,"$99,615.78","$57,210.00","$90,746.00","$128,239.00","$193,055.00",--
"Springfield, MO",498292,196145,"$71,140.18","$25,010.00","$52,000.00","$85,205.00","$149,700.00",--
"Springfield, MA/CT",680595,271035,"$88,160.53","$30,000.00","$67,716.00","$112,094.00","$165,706.00",--
"Stockton, CA",790621,247500,"$96,345.16","$38,007.00","$74,041.00","$127,803.00","$205,050.00",--
"Syracuse, NY",670397,320943,"$88,177.49","$30,012.00","$63,776.00","$136,890.00","$193,158.00",--
"Tallahassee, FL",387441,165041,"$73,059.57","$22,728.00","$53,094.00","$85,002.00","$151,814.00",--
"Tampa-St. Petersburg-Clearwater, FL",3241490,1435324,"$82,416.27","$28,080.00","$60,019.00","$104,002.00","$165,816.00","$360,000.00"
"Terre Haute, IN",212883,95438,"$78,876.54","$25,413.00","$53,768.00","$90,582.00","$137,502.00",--
"Toledo, OH/MI",512495,227639,"$75,207.19","$19,747.00","$57,007.00","$89,772.00","$177,506.00",--
"Topeka, KS",182438,75878,"$81,927.29","$30,919.00","$60,000.00","$112,822.00","$155,000.00",--
"Trenton-Ewing, NJ",290028,130645,"$113,078.32","$46,004.00","$76,357.00","$140,000.00","$204,082.00",--
"Tucson, AZ",969084,470899,"$75,419.70","$32,527.00","$57,200.00","$97,480.00","$152,600.00",--
"Tulsa, OK",1049255,394888,"$83,658.98","$34,875.00","$60,000.00","$104,993.00","$164,062.00","$619,022.00"
"Tyler, TX",270257,104415,"$71,899.58","$25,650.00","$54,843.00","$92,010.00","$187,074.00",--
"Urban Honolulu, HI",1040410,355941,"$107,426.52","$49,210.00","$86,305.00","$140,815.00","$212,635.00","$413,660.00"
"Utica-Rome, NY",270568,120267,"$91,287.25","$34,671.00","$57,276.00","$114,417.00","$235,700.00",--
"Oxnard-Thousand Oaks-Ventura, CA",909384,276967,"$106,296.21","$51,625.00","$87,030.00","$145,015.00","$200,106.00",--
"Vineland-Milville-Bridgetown, NJ",125190,51380,"$68,500.41","$27,363.00","$52,140.00","$122,144.00","$138,210.00",--
"Visalia-Porterville, CA",395732,136907,"$71,772.67","$34,524.00","$54,000.00","$98,100.00","$133,701.00",--
"Waco, TX",286622,110201,"$80,872.37","$24,904.00","$47,666.00","$111,361.00","$192,250.00",--
"Washington, DC/MD/VA",6413834,2465407,"$152,803.78","$54,230.00","$112,002.00","$199,125.00","$315,902.00","$793,216.00"
"Waterloo-Cedar Falls, IA",281202,124813,"$79,336.76","$28,984.00","$63,330.00","$115,000.00","$170,005.00",--
"Watertown-Fort Drum, NY",185230,84011,"$87,305.49","$35,608.00","$75,000.00","$109,850.00","$203,838.00",--
"Wausau, WI",172954,73088,"$89,042.39","$30,170.00","$81,598.00","$123,091.00","$168,257.00",--
"Wichita, KS",751233,289963,"$87,057.80","$35,000.00","$70,000.00","$112,486.00","$181,400.00",--
"Wichita Falls, TX",267327,106873,"$95,167.37","$26,232.00","$56,033.00","$84,518.00","$185,369.00",--
"Williamsport, PA",292278,117176,"$72,919.23","$34,298.00","$69,768.00","$104,037.00","$138,204.00",--
"Winchester, VA-WV",247626,103787,"$115,354.40","$57,576.00","$101,896.00","$160,876.00","$218,820.00",--
"Worcester, MA",1025590,398005,"$96,613.33","$35,603.00","$65,275.00","$132,867.00","$208,020.00",--
"York-Hanover, PA",475395,166186,"$88,962.29","$21,150.00","$85,000.00","$145,022.00","$194,020.00",--
"Youngstown-Warren-Boardman, OH",575892,274653,"$65,782.86","$27,826.00","$46,316.00","$88,601.00","$155,905.00",--
"Yuma, AZ",368434,160716,"$67,561.12","$24,000.00","$35,562.00","$83,865.00","$157,000.00",--
"Other metropolitan areas, unidentified",2671451,1036849,"$83,138.68","$26,472.00","$53,940.00","$98,158.00","$177,301.00","$533,096.00"
"NIU, household not in a metropolitan area",40519738,17228451,"$70,020.66","$25,224.00","$51,500.00","$91,373.00","$140,650.00","$334,009.00"
Missing data,11483812,4714723,"$82,550.45","$30,000.00","$59,835.00","$105,602.00","$171,130.00","$398,560.00"
