Metro Name,Population,Workers,Average Individual Income,25th Percentile,Median Individual Income,75th Percentile,90th Percentile,99th Percentile
"Abilene, TX",217882,113023,"$56,983.36","$19,000.00","$36,000.00","$75,335.00","$150,035.00",--
"Akron, OH",696955,402600,"$56,240.72","$19,000.00","$48,026.00","$74,051.00","$113,217.00",--
"Albany-Schenectady-Troy, NY",779727,410709,"$63,514.01","$23,231.00","$50,032.00","$90,010.00","$146,246.00",--
"Albuquerque, NM",946438,479945,"$54,849.34","$18,022.00","$36,500.00","$67,010.00","$110,000.00","$299,735.00"
"Allentown-Bethlehem-Easton, PA/NJ",809064,414836,"$52,208.78","$19,900.00","$36,952.00","$65,100.00","$104,500.00",--
"Amarillo, TX",311064,174246,"$57,250.46","$28,600.00","$47,000.00","$81,575.00","$120,250.00",--
"Ann Arbor, MI",403619,217262,"$62,372.42","$26,500.00","$45,810.00","$76,481.00","$129,140.00",--
"Appleton, WI",270606,155983,"$60,620.91","$28,000.00","$45,021.00","$80,040.00","$130,537.00",--
"Oshkosh-Neenah, WI",191750,101110,"$45,739.61","$11,165.00","$40,003.00","$51,215.00","$80,101.00",--
"Asheville, NC",526765,258500,"$63,647.42","$22,486.00","$44,530.00","$80,921.00","$148,450.00",--
"Athens-Clark County, GA",196999,106089,"$40,193.54","$14,000.00","$28,708.00","$53,002.00","$76,011.00",--
"Atlanta-Sandy Springs-Marietta, GA",6094467,3421403,"$70,356.69","$27,002.00","$47,000.00","$78,880.00","$143,700.00","$531,500.00"
"Atlantic City, NJ",227577,125599,"$56,279.62","$30,000.00","$50,000.00","$74,605.00","$95,010.00",--
"Auburn-Opelika, AL",324974,146348,"$96,211.11","$24,400.00","$40,000.00","$76,330.00","$130,600.00",--
"Augusta-Richmond County, GA-SC",572750,273099,"$45,500.08","$15,000.00","$35,030.00","$65,795.00","$98,003.00",--
"Austin-Round Rock, TX",1733081,1004409,"$77,368.62","$30,000.00","$55,015.00","$89,705.00","$168,919.00","$350,700.00"
"Bakersfield, CA",1031887,430341,"$55,766.40","$23,000.00","$39,000.00","$65,510.00","$100,012.00",--
"Baltimore-Towson-Columbia, MD",2763320,1550896,"$71,801.99","$27,386.00","$52,000.00","$94,301.00","$146,123.00","$379,440.00"
"Bangor, ME",167415,88815,"$51,703.70","$23,400.00","$43,245.00","$70,462.00","$106,760.00",--
"Barnstable Town, MA",186737,104336,"$93,014.82","$31,011.00","$52,035.00","$94,118.00","$284,018.00",--
"Baton Rouge, LA",932047,452726,"$66,510.73","$22,100.00","$47,402.00","$82,001.00","$135,509.00","$307,005.00"
"Battle Creek, MI",282330,146990,"$53,724.46","$23,400.00","$35,700.00","$60,001.00","$114,401.00",--
"Beaumont-Port Arthur, TX",410530,138636,"$45,786.66","$11,000.00","$23,400.00","$39,210.00","$59,000.00",--
"Niles-Benton Harbor, MI",137827,56088,"$51,821.85","$14,880.00","$27,000.00","$80,000.00","$127,001.00",--
"Billings, MT",168208,93652,"$53,862.54","$25,201.00","$44,886.00","$66,147.00","$110,010.00",--
"Bend, OR",367464,224570,"$57,650.68","$23,930.00","$45,000.00","$69,847.00","$102,000.00",--
"Binghamton, NY",300768,155877,"$63,375.99","$27,167.00","$50,059.00","$73,252.00","$127,500.00",--
"Birmingham-Hoover, AL",1198152,609785,"$61,627.46","$24,500.00","$43,759.00","$75,235.00","$116,026.00","$375,075.00"
"Blacksburg-Christiansburg-Radford, VA",181225,115858,"$93,967.77","$30,000.00","$62,913.00","$81,035.00","$134,010.00",--
"Bloomington, IN",183989,126994,"$55,714.21","$35,175.00","$46,802.00","$71,401.00","$116,929.00",--
"Bloomington, IL",248530,142970,"$100,324.85","$27,300.00","$58,002.00","$111,745.00","$195,156.00",--
"Boise City-Nampa, ID",751773,402230,"$61,428.88","$24,000.00","$45,002.00","$75,400.00","$120,866.00","$345,020.00"
"Boston-Cambridge-Newton, MA-NH",4736698,2943594,"$84,957.91","$30,000.00","$60,001.00","$103,007.00","$167,975.00","$461,500.00"
"Bowling Green, KY",260188,122711,"$41,108.52","$25,110.00","$32,002.00","$50,251.00","$65,000.00",--
"Bridgeport-Stamford-Norwalk, CT",1050945,560258,"$89,966.06","$25,001.00","$50,570.00","$100,005.00","$197,452.00",--
"Brownsville-Harlingen, TX",424764,196207,"$33,592.97","$15,000.00","$24,002.00","$52,966.00","$63,304.00",--
"Buffalo-Niagara Falls, NY",1074260,558238,"$50,101.12","$24,800.00","$39,000.00","$60,901.00","$100,020.00",--
"Burlington, NC",410128,182071,"$41,411.61","$22,013.00","$36,001.00","$50,004.00","$84,222.00",--
"California-Lexington Park, MD",223918,107338,"$86,831.84","$29,401.00","$84,770.00","$109,606.00","$182,106.00",--
"Burlington-South Burlington, VT",219143,129167,"$68,587.57","$29,005.00","$50,200.00","$81,286.00","$124,511.00","$313,044.00"
"Canton-Massillon, OH",358012,190268,"$45,593.62","$24,281.00","$40,000.00","$60,005.00","$84,500.00",--
"Carbondale-Marion, IL",116329,65879,"$47,477.66","$18,003.00","$48,260.00","$68,502.00","$96,000.00",--
"Cedar Rapids, IA",264788,156387,"$60,574.36","$27,026.00","$41,775.00","$75,641.00","$116,009.00",--
"Chambersburg-Waynesboro, PA",291354,137355,"$71,938.42","$30,100.00","$48,075.00","$71,830.50","$100,010.00",--
"Champaign-Urbana, IL",231902,129149,"$55,544.21","$23,193.00","$35,000.00","$78,202.00","$110,000.00",--
"Charleston-North Charleston, SC",201424,91413,"$72,034.85","$21,635.00","$38,000.00","$64,000.00","$137,010.00",--
"Charleston, WV",681589,359927,"$78,235.95","$30,010.00","$50,700.00","$80,100.00","$133,411.00",--
"Charlotte-Gastonia-Concord, NC/SC",2599978,1472465,"$65,926.22","$27,515.00","$52,020.00","$83,025.00","$128,000.00","$283,331.00"
"Charlottesville, VA",306474,148368,"$96,055.38","$25,000.00","$46,736.00","$92,300.00","$210,336.00",--
"Chattanooga, TN/GA",535368,292626,"$67,936.76","$18,000.00","$40,001.00","$75,400.00","$184,837.00",--
"Chicago-Naperville-Joliet, IL-IN-WI",9380420,5290256,"$70,749.62","$24,000.00","$49,440.00","$85,761.00","$142,700.00","$450,325.00"
"Chico,CA",226684,110470,"$37,688.78","$22,000.00","$29,000.00","$50,875.00","$66,000.00",--
"Cincinnati-Middleton, OH/KY/IN",1701902,969040,"$65,226.53","$25,135.00","$49,033.00","$75,126.00","$149,171.00","$401,400.00"
"Clarksville, TN/KY, TN/KY",431096,193963,"$52,584.51","$19,422.00","$49,100.00","$80,045.00","$107,000.00",--
"Cleveland-Lorain-Mentor, OH",2370790,1177788,"$67,688.41","$20,000.00","$45,300.00","$76,021.00","$127,524.00","$402,851.00"
"Cleveland, TN",214218,119606,"$41,622.66","$6,000.00","$29,001.00","$66,301.00","$78,151.00",--
"Coeur d'Alene, ID",198744,111696,"$55,876.46","$22,040.00","$40,000.00","$65,000.00","$108,021.00",--
"College Station-Bryan, TX",316503,154950,"$62,514.56","$17,000.00","$37,001.00","$64,000.00","$149,124.00",--
"Colorado Springs, CO",782841,439044,"$70,265.93","$28,000.00","$54,000.00","$94,237.00","$155,401.00",--
"Columbia, SC",992549,523269,"$60,045.36","$25,008.00","$40,001.00","$64,020.00","$123,361.00",--
"Columbus, GA/AL",213799,107971,"$48,031.39","$18,000.00","$32,003.00","$58,000.00","$80,462.00",--
"Columbus, OH",2180790,1232305,"$50,870.26","$23,300.00","$40,073.00","$61,315.00","$100,000.00","$252,003.00"
"Corpus Christi, TX",314060,150966,"$50,298.62","$25,000.00","$40,000.00","$71,600.00","$110,103.00",--
"Dallas-Fort Worth-Arlington, TX",7346720,4000430,"$70,379.06","$23,591.00","$45,035.00","$80,066.00","$131,470.00","$525,013.00"
"Daphne-Fairhope-Foley, AL",364124,156716,"$50,436.83","$22,400.00","$40,000.00","$71,000.00","$101,152.00",--
"Davenport-Rock Island-Moline, IA/IL",479488,203677,"$49,381.10","$20,000.00","$33,000.00","$65,541.00","$103,700.00",--
"Dayton, OH",743088,378106,"$51,566.00","$22,000.00","$37,754.00","$58,193.00","$98,806.00",--
"Deltona-Daytona Beach-Ormond Beach, FL",752896,351474,"$39,573.61","$17,200.00","$33,025.00","$52,000.00","$80,625.00",--
"Boulder, CO",424012,238779,"$72,366.35","$25,556.00","$46,800.00","$100,020.00","$155,000.00",--
"Denver-Aurora, CO",3046609,1847633,"$77,875.58","$25,400.00","$53,700.00","$100,006.00","$158,012.00","$433,011.00"
"Des Moines, IA",641989,348997,"$58,479.27","$22,550.00","$42,600.00","$73,565.00","$116,000.00",--
"Detroit-Warren-Livonia, MI",4545328,2374962,"$67,694.68","$22,806.00","$47,200.00","$85,505.00","$131,828.00","$362,500.00"
"Dover, DE",234612,110568,"$47,065.91","$22,000.00","$35,000.00","$60,000.00","$99,000.00",--
"East Stroudsburg, PA",354682,187461,"$57,102.75","$27,000.00","$40,000.00","$65,462.00","$99,011.00",--
"El Paso, TX",950865,485778,"$36,503.71","$14,976.00","$25,100.00","$46,004.00","$80,300.00",--
"Elkhart-Goshen, IN",267917,158749,"$58,539.62","$16,002.00","$42,062.00","$71,240.00","$129,251.00",--
"Erie, PA",280600,146634,"$57,831.73","$22,751.00","$43,884.00","$72,010.00","$98,015.00",--
"Eugene-Springfield, OR",349619,178829,"$51,197.79","$22,880.00","$42,000.00","$70,078.00","$108,018.00",--
"Evansville, IN/KY",272676,144903,"$56,125.47","$22,365.00","$39,465.00","$67,728.00","$127,790.00",--
"Fargo, ND/MN",192439,115714,"$57,725.82","$24,000.00","$41,458.00","$65,040.00","$108,000.00","$426,265.00"
"Farmington, NM",111089,49683,"$37,166.68","$15,000.00","$33,400.00","$52,400.00","$76,001.00",--
"Fayetteville, NC",440302,193418,"$44,407.54","$23,000.00","$36,003.00","$54,000.00","$80,050.00",--
"Fayetteville-Springdale-Rogers, AR-MO",565520,305799,"$58,202.42","$20,001.00","$34,598.00","$61,300.00","$114,003.00",--
"Flint, MI",357147,146331,"$57,605.36","$8,570.00","$39,199.00","$80,530.00","$122,105.00",--
"Florence-Muscle Shoals, AL",178746,91161,"$55,182.31","$14,801.00","$30,410.00","$47,600.00","$88,673.00",--
"Florence, SC",159348,68957,"$53,516.79","$26,881.00","$52,000.00","$68,305.00","$92,500.00",--
"Fort Collins-Loveland, CO",325017,169756,"$60,338.12","$20,000.00","$43,600.00","$86,550.00","$121,800.00",--
"Fort Myers-Cape Coral, FL",734361,308450,"$45,412.31","$21,750.00","$37,157.00","$60,010.00","$85,023.00",--
"Port St. Lucie-Fort Pierce, FL",596190,277068,"$46,400.50","$25,000.00","$35,000.00","$47,120.00","$81,072.00",--
"Fort Smith, AR/OK",189555,87291,"$70,297.03","$24,500.00","$39,000.00","$75,000.00","$124,015.00",--
"Fort Wayne, IN",453973,256826,"$55,640.03","$22,600.00","$44,535.00","$75,094.00","$96,010.00",--
"Fresno, CA",871128,478079,"$48,610.57","$20,280.00","$34,320.00","$56,022.00","$124,625.00",--
"Gainesville, FL",291467,137049,"$52,556.68","$24,400.00","$50,000.00","$75,412.00","$100,000.00",--
"Gainesville, GA",276537,175123,"$44,979.80","$16,500.00","$25,000.00","$51,055.00","$100,000.00",--
"Glens Falls, NY",330192,189839,"$48,025.27","$22,168.00","$34,020.00","$49,000.00","$120,000.00",--
"Goldsboro, NC",366930,174334,"$40,383.75","$16,583.00","$30,055.00","$50,056.00","$71,250.00",--
"Grand Rapids-Wyoming, MI",947932,527424,"$56,644.91","$19,141.00","$41,356.00","$70,501.00","$130,002.00",--
"Greeley, CO",287516,165080,"$60,740.11","$18,000.00","$44,851.00","$85,180.00","$129,550.00",--
"Green Bay, WI",389706,264089,"$54,579.18","$22,000.00","$47,119.00","$67,000.00","$100,002.00",--
"Winston-Salem, NC",535075,266131,"$62,352.10","$28,000.00","$49,500.00","$68,203.00","$120,236.00",--
"Greensboro-High Point, NC",712206,372603,"$61,230.94","$21,032.00","$36,500.00","$78,901.00","$140,055.00",--
"Greenville, NC",236381,142311,"$39,733.16","$20,000.00","$30,000.00","$48,117.00","$71,340.00",--
"Greenville, SC",826884,444276,"$50,645.15","$20,000.00","$42,100.00","$70,000.00","$102,054.00",--
"Spartanburg, SC",297812,169214,"$69,944.24","$21,000.00","$42,003.00","$81,630.00","$130,100.00",--
"Hagerstown-Martinsburg, MD-WV",148872,84792,"$52,220.43","$24,000.00","$43,402.00","$65,065.00","$115,050.00",--
"Hanford-Corcoran, CA",362536,160899,"$40,593.68","$19,664.00","$32,689.00","$56,629.00","$85,565.00",--
"Harrisburg-Carlisle, PA",581999,315117,"$67,561.97","$30,000.00","$50,100.00","$85,215.00","$113,851.00",--
"Hartford-West Hartford-East Hartford, CT",1088120,614223,"$68,286.38","$33,748.00","$52,300.00","$85,002.00","$137,700.00",--
"Hickory-Morganton-Lenoir, NC",451179,223379,"$38,214.80","$15,000.00","$30,045.00","$57,301.00","$72,501.00",--
"Hilton Head Island-Bluffton-Beaufort, SC",157417,67464,"$50,317.45","$20,300.00","$35,000.00","$62,501.00","$93,650.00",--
"Houston-Baytown-Sugar Land, TX",8084651,4298435,"$59,861.94","$19,470.00","$43,000.00","$75,011.00","$127,000.00","$310,400.00"
"Huntington-Ashland,WV/KY/OH",177036,80229,"$46,459.72","$22,000.00","$38,500.00","$61,216.00","$85,000.00",--
"Huntsville,AL",424847,221678,"$71,239.36","$25,000.00","$50,000.00","$93,610.00","$162,140.00",--
"Idaho Falls, ID",113474,60768,"$54,448.46","$11,001.00","$37,000.00","$73,020.00","$125,880.00",--
"Indianapolis, IN",2113517,1060872,"$75,767.96","$25,000.00","$48,000.00","$77,000.00","$150,000.00","$425,000.00"
"Iowa City, IA",201280,138287,"$64,251.81","$34,000.00","$53,020.00","$72,001.00","$147,300.00",--
"Jackson, MI",215044,101664,"$71,302.80","$45,000.00","$62,100.00","$90,965.00","$120,000.00",--
"Jackson, MS",550100,259718,"$54,458.73","$20,000.00","$35,000.00","$56,340.00","$90,000.00",--
"Jacksonville,FL",1682757,915413,"$60,728.41","$22,006.00","$45,000.00","$75,050.00","$130,000.00",--
"Jacksonville, NC",419424,188122,"$39,102.08","$16,500.00","$27,000.00","$61,160.00","$85,501.00",--
"Janvesville, WI",172693,88350,"$38,405.75","$24,554.00","$36,173.00","$50,091.00","$68,500.00",--
"Johnson City, TN",263518,113274,"$37,615.97","$21,002.00","$32,000.00","$52,325.00","$70,000.00",--
"Kingsport-Bristol, TN-VA",365293,176865,"$42,778.78","$26,813.00","$38,000.00","$52,500.00","$70,005.00",--
"Johnstown, PA",113690,51543,"$46,198.25","$28,500.00","$37,410.00","$59,801.00","$84,700.00",--
"Kahului-Wailuku-Lahaina, HI",136546,67922,"$43,836.62","$20,000.00","$35,000.00","$60,090.00","$85,602.00",--
"Kalamazoo-Portage, MI",230344,119848,"$353,395.76","$16,200.00","$79,200.00","$900,100.00","$1,002,250.00",--
"Kansas City, MO/KS",2162584,1256021,"$57,960.48","$20,366.00","$43,002.00","$73,052.00","$116,451.00","$371,001.00"
"Kennewick-Richland, WA",402522,189458,"$61,365.33","$28,150.00","$52,010.00","$80,408.00","$111,200.00",--
"Killeen-Temple-Fort Hood, TX",440448,180022,"$49,040.88","$20,101.00","$38,212.00","$52,800.00","$80,701.00",--
"Knoxville, TN",966140,547993,"$58,428.29","$20,000.00","$40,000.00","$68,507.00","$137,023.00",--
"Lafayette, LA",435547,214098,"$46,951.44","$21,890.00","$35,002.00","$59,158.00","$90,090.00",--
"Lafayette-West Lafayette, IN",274599,155433,"$51,157.16","$25,025.00","$35,002.00","$50,010.00","$88,025.00",--
"Lake Charles, LA",204599,96632,"$66,577.11","$20,000.00","$40,000.00","$69,940.00","$115,440.00",--
"Lakeland-Winterhaven, FL",673078,297231,"$45,121.05","$19,553.00","$32,000.00","$55,002.00","$83,000.00",--
"Lancaster, PA",336366,185230,"$79,173.80","$35,001.00","$50,775.00","$93,000.00","$168,222.00",--
"Lansing-East Lansing, MI",484282,290524,"$63,053.97","$23,000.00","$47,200.00","$74,000.00","$121,525.00",--
"Laredo, TX",297354,125716,"$33,741.13","$18,000.00","$26,500.00","$47,400.00","$61,601.00",--
"Las Cruces, NM",241571,110433,"$37,264.70","$13,000.00","$24,086.00","$43,001.00","$75,001.00",--
"Las Vegas-Paradise, NV",2275027,1245823,"$52,706.24","$20,000.00","$38,000.00","$65,400.00","$106,360.00","$250,010.00"
"Lexington-Fayette, KY",549713,322639,"$57,491.31","$25,000.00","$42,500.00","$75,500.00","$115,152.00",--
"Lewiston-Auburn, ME",107556,56145,"$42,583.09","$15,951.00","$30,300.00","$40,197.00","$59,616.00",--
"Little Rock-North Little Rock, AR",743808,361375,"$66,480.29","$27,603.00","$46,001.00","$70,000.00","$110,011.00",--
"Longview, TX",372060,159966,"$65,540.15","$12,500.00","$38,000.00","$60,002.00","$109,002.00",--
"Los Angeles-Long Beach-Anaheim, CA",13105237,7189390,"$62,459.26","$21,500.00","$41,103.00","$74,900.00","$130,225.00","$345,800.00"
"Louisville, KY/IN",1506767,832930,"$65,323.61","$23,090.00","$50,100.00","$80,011.00","$127,230.00","$386,440.00"
"Lubbock, TX",472216,268914,"$39,535.70","$10,000.00","$30,150.00","$55,000.00","$90,000.00",--
"Macon, GA",153331,82091,"$51,707.72","$20,560.00","$36,000.00","$73,493.00","$153,251.00",--
"Warner Robins, GA",173398,91029,"$50,755.17","$15,000.00","$30,960.00","$66,350.00","$101,010.00",--
"Madison, WI",620608,399332,"$78,232.04","$30,502.00","$55,901.00","$90,080.00","$136,203.00",--
"Manchester-Nashua, NH",441992,257199,"$70,896.67","$26,901.00","$52,000.00","$99,021.00","$146,996.00","$355,266.00"
"McAllen-Edinburg-Pharr, TX",847872,350109,"$54,121.10","$17,010.00","$29,000.00","$54,037.00","$84,685.00",--
"Medford, OR",265209,98907,"$40,913.42","$17,000.00","$34,456.00","$52,500.00","$73,594.00",--
"Palm Bay-Melbourne-Titusville, FL",581371,336969,"$60,299.29","$26,003.00","$46,675.00","$72,407.00","$125,001.00",--
"Memphis, TN/AR/MS",1440439,727716,"$54,534.94","$20,001.00","$40,000.00","$60,898.00","$100,000.00","$320,110.00"
"Miami-Fort Lauderdale-Miami Beach, FL",6348691,3534142,"$55,094.26","$20,600.00","$36,700.00","$60,100.00","$115,178.00","$400,102.00"
"Milwaukee-Waukesha-West Allis, WI",1664161,981288,"$59,902.50","$26,000.00","$45,025.00","$76,691.00","$123,001.00","$303,202.00"
"Minneapolis-St. Paul-Bloomington, MN/WI",3898279,2288788,"$78,660.63","$29,002.00","$55,000.00","$90,551.00","$150,833.00","$502,276.00"
"Mobile, AL",483441,269006,"$47,455.76","$20,000.00","$38,150.00","$65,000.00","$90,002.00",--
"Modesto, CA",534861,248205,"$39,520.11","$11,040.00","$32,800.00","$65,000.00","$85,601.00",--
"Monroe, LA",219518,98810,"$44,585.91","$14,200.00","$37,384.00","$61,223.00","$90,000.00",--
"Monroe, MI",238557,91332,"$48,004.71","$18,010.00","$42,510.00","$62,225.00","$102,000.00",--
"Montgomery, Al",368903,188256,"$71,566.02","$21,709.00","$45,000.00","$74,500.00","$115,835.00",--
"Morgantown, WV",132375,73369,"$78,428.38","$30,300.00","$53,016.00","$89,298.00","$130,000.00",--
"Mount Vernon-Anacortes, WA",278043,133498,"$65,959.58","$28,000.00","$51,008.00","$90,506.00","$133,851.00",--
"Muskegon-Norton Shores, MI",204874,98459,"$39,390.69","$16,001.00","$39,060.00","$50,302.00","$62,002.00",--
"Myrtle Beach-Conway-North Myrtle Beach, SC",521394,265695,"$46,059.95","$16,760.00","$33,000.00","$56,501.00","$101,915.00",--
"Naples-Marco Island, FL",309049,113543,"$64,613.34","$33,010.00","$55,500.00","$84,011.00","$140,806.00",--
"Nashville-Davidson-Murfreesboro, TN",1961350,1111210,"$62,786.67","$23,882.00","$48,000.00","$74,905.00","$131,000.00","$303,200.00"
"New Haven-Milford, CT",736974,365964,"$58,695.27","$21,000.00","$50,001.00","$77,775.00","$122,000.00",--
"New Orleans-Metairie-Kenner, LA",1135638,565366,"$54,606.20","$20,000.00","$40,000.00","$72,909.00","$108,004.00","$259,600.00"
"New York-Northern New Jersey-Long Island, NY-NJ-PA",19748576,10715271,"$72,252.21","$25,005.00","$50,101.00","$87,955.00","$150,103.00","$416,825.00"
"Virginia Beach-Norfolk-Newport News, VA/NC",1480042,835324,"$56,005.38","$27,040.00","$43,005.00","$70,010.00","$117,050.00",--
"North Port-Sarasota-Bradenton, FL",674404,264783,"$69,776.60","$29,000.00","$50,001.00","$91,070.00","$160,510.00",--
"Norwich-New London, CT",331164,195281,"$67,316.12","$28,301.00","$51,534.00","$82,500.00","$124,050.00",--
"Ocala, FL",388944,146211,"$44,958.39","$18,200.00","$35,000.00","$50,000.00","$75,000.00",--
"Odessa, TX",197544,84355,"$50,513.15","$26,252.00","$44,240.00","$65,112.00","$87,415.00",--
"Midland, TX",790736,415532,"$69,148.31","$30,100.00","$53,000.00","$86,201.00","$132,437.00","$307,005.00"
"Oklahoma City, OK",1536936,841105,"$53,842.13","$20,000.00","$40,000.00","$65,260.00","$113,701.00","$270,577.00"
"Omaha-Council Bluffs, NE/IA",923507,538150,"$66,734.43","$26,413.00","$50,000.00","$86,048.00","$140,120.00","$313,014.00"
"Orlando, FL",2770093,1500191,"$58,736.45","$21,052.00","$40,000.00","$65,001.00","$109,120.00","$423,180.00"
"Panama City-Lynn Haven, FL",393851,250725,"$38,770.62","$10,000.00","$30,002.00","$52,401.00","$70,111.00",--
"Pensacola-Ferry Pass-Brent, FL",580421,292721,"$52,729.93","$24,001.00","$40,000.00","$65,031.00","$109,501.00",--
"Peoria, IL",355197,151528,"$54,239.61","$21,405.00","$47,979.00","$68,212.00","$104,401.00",--
"Philadelphia-Camden-Wilmington, PA/NJ/DE",5992201,3543951,"$68,669.83","$25,800.00","$50,001.00","$87,526.00","$140,101.00","$350,550.00"
"Phoenix-Mesa-Scottsdale, AZ",5101207,2739118,"$64,783.78","$24,001.00","$46,000.00","$77,025.00","$129,303.00","$360,002.00"
"Pine Bluff, AR",277971,125272,"$52,231.20","$23,000.00","$42,216.00","$68,829.00","$101,021.00",--
"Pittsburg, PA",2260377,1241075,"$68,728.87","$24,329.00","$46,051.00","$74,804.00","$123,008.00","$487,000.00"
"Portland-South Portland, ME",528211,320238,"$73,162.74","$32,925.00","$50,535.00","$82,023.00","$125,001.00",--
"Portland-Vancouver-Beaverton, OR/WA",2486671,1437160,"$73,617.97","$26,000.00","$49,000.00","$87,500.00","$149,828.00","$452,115.00"
"Prescott, AZ",363406,196314,"$38,251.66","$16,490.00","$30,001.00","$58,401.00","$69,513.00",--
"Providence-Warwick, RI-MA",1608085,925818,"$64,012.55","$28,620.00","$50,000.00","$85,000.00","$122,199.00","$272,995.00"
"Provo-Orem, UT",635060,358045,"$53,394.77","$13,002.00","$35,000.00","$70,015.00","$114,088.00","$316,080.00"
"Racine, WI",267516,166347,"$78,758.34","$30,001.00","$65,025.00","$94,000.00","$161,530.00",--
"Durham, NC",690019,400463,"$64,797.20","$20,011.00","$50,000.00","$87,502.00","$125,101.00",--
"Raleigh-Carey, NC",1616581,959847,"$75,112.11","$27,000.00","$54,100.00","$100,000.00","$156,813.00","$350,073.00"
"Reading, PA",473968,279362,"$60,938.59","$30,000.00","$50,390.00","$80,245.00","$110,222.00",--
"Redding, CA",423683,161539,"$43,059.53","$18,000.00","$36,000.00","$58,700.00","$96,000.00",--
"Richmond, VA",1618205,925383,"$66,534.97","$28,150.00","$48,006.00","$80,225.00","$130,000.00","$358,000.00"
"Riverside-San Bernadino, CA",4525118,2135594,"$50,533.86","$21,576.00","$38,922.00","$64,055.00","$100,000.00","$200,012.00"
"Roanoke, VA",216850,127505,"$57,312.36","$30,000.00","$52,016.00","$73,000.00","$102,064.00",--
"Rochester, NY",1040790,498207,"$65,394.64","$20,502.00","$45,000.00","$75,505.00","$141,220.00",--
"Rockford, IL",306763,170180,"$68,067.17","$20,500.00","$40,000.00","$69,500.00","$120,210.00",--
"Sacramento-Arden Arcade-Roseville, CA",2308204,1183669,"$69,227.00","$23,154.00","$52,219.00","$91,010.00","$150,150.00","$309,106.00"
"Saginaw-Saginaw Township North, MI",169537,67532,"$43,176.18","$26,961.00","$36,004.00","$51,013.00","$72,100.00",--
"St. George, UT",131638,60204,"$53,761.61","$30,000.00","$35,012.00","$64,000.00","$115,794.00",--
"St. Louis, MO/IL",2883807,1599581,"$72,120.77","$26,000.00","$45,034.00","$85,011.00","$151,422.00","$384,520.00"
"Salem, OR",429515,237524,"$61,736.96","$24,201.00","$42,000.00","$68,801.00","$112,010.00",--
"Salinas, CA",499846,259853,"$56,796.54","$18,503.00","$40,000.00","$69,360.00","$125,007.00",--
"Salisbury, MD",487022,235258,"$59,687.19","$20,000.00","$40,003.00","$64,310.00","$108,480.00",--
"Salt Lake City, UT",1217740,674746,"$66,682.80","$25,000.00","$48,001.00","$80,001.00","$130,502.00","$433,355.00"
"San Antonio, TX",2976041,1659083,"$62,758.27","$23,500.00","$45,006.00","$76,109.00","$131,446.00","$308,020.00"
"San Diego-Carlsbad-San Marcos, CA",3309750,1744677,"$68,874.40","$28,040.00","$50,002.00","$88,020.00","$150,005.00","$305,500.00"
"Vallejo-Fairfield, CA",428149,206754,"$60,098.17","$30,000.00","$45,003.00","$85,000.00","$132,000.00",--
"San Francisco-Oakland-Fremont, CA",4744440,2803518,"$90,641.18","$30,000.00","$66,811.00","$121,150.00","$200,130.00","$402,400.00"
"San Jose-Sunnyvale-Santa Clara, CA",2191626,1233951,"$99,223.37","$25,002.00","$70,527.00","$145,401.00","$200,670.00","$597,510.00"
"San Luis Obispo-Paso Robles, CA",334469,178266,"$58,412.94","$19,007.00","$50,600.00","$82,000.00","$121,025.00",--
"Santa Barbara-Santa Maria, CA",392718,215029,"$54,468.91","$19,480.00","$40,040.00","$73,003.00","$105,720.00",--
"Santa Cruz-Watsonville, CA",347893,171547,"$57,924.92","$20,002.00","$43,000.00","$80,627.00","$150,505.00",--
"Santa Fe, NM",123033,67627,"$71,644.77","$22,010.00","$43,901.00","$95,000.00","$162,010.00",--
"Santa Rosa-Petaluma, CA",387209,252580,"$87,016.01","$27,000.00","$56,005.00","$102,074.00","$216,700.00",--
"Savannah, GA",463247,258841,"$51,553.32","$26,767.00","$38,540.00","$62,250.00","$96,008.00",--
"Scranton-Wilkes-Barre, PA",559761,287912,"$56,364.38","$20,028.00","$39,602.00","$65,107.00","$115,767.00",--
"Seattle-Tacoma-Bellevue, WA",4197181,2590998,"$74,773.10","$28,000.00","$55,000.00","$100,486.00","$153,200.00","$393,100.00"
"Sherman-Denison, TX",192973,88478,"$49,436.28","$16,000.00","$28,151.00","$53,604.00","$132,150.00",--
"Shreveport-Bossier City, LA",464901,232642,"$55,028.55","$22,000.00","$35,380.00","$57,160.00","$100,120.00",--
"Sioux Falls, SD",316570,193205,"$59,788.29","$26,020.00","$46,010.00","$70,975.00","$120,000.00","$362,300.00"
"South Bend-Mishawaka, IN",258269,121068,"$51,957.73","$26,400.00","$41,920.00","$73,051.00","$101,059.00",--
"Spokane, WA",643760,348617,"$57,714.34","$29,120.00","$48,002.00","$73,579.00","$107,001.00",--
"Springfield, IL",294465,165640,"$62,866.83","$27,525.00","$48,007.00","$100,850.00","$129,202.00",--
"Springfield, MO",498292,230384,"$47,132.96","$15,435.00","$36,050.00","$59,875.00","$110,600.00",--
"Springfield, MA/CT",680595,335352,"$60,617.50","$21,010.00","$42,000.00","$75,003.00","$120,000.00",--
"Stockton, CA",790621,428046,"$52,359.47","$20,000.00","$38,965.00","$60,000.00","$121,000.00",--
"Syracuse, NY",670397,371693,"$59,426.68","$25,000.00","$40,136.00","$73,760.00","$122,011.00",--
"Tallahassee, FL",387441,239005,"$41,410.00","$7,200.00","$30,000.00","$53,094.00","$83,622.00",--
"Tampa-St. Petersburg-Clearwater, FL",3241490,1696412,"$59,030.41","$25,000.00","$44,070.00","$72,609.00","$115,080.00","$327,681.00"
"Terre Haute, IN",212883,113988,"$58,194.95","$20,800.00","$39,350.00","$63,038.00","$100,000.00",--
"Toledo, OH/MI",512495,254413,"$55,430.36","$12,709.00","$36,002.00","$75,002.00","$101,000.00",--
"Topeka, KS",182438,87094,"$53,974.84","$28,000.00","$49,000.00","$62,010.00","$120,129.00",--
"Trenton-Ewing, NJ",290028,154291,"$83,576.06","$30,000.00","$56,735.00","$91,506.00","$150,015.00",--
"Tucson, AZ",969084,521152,"$51,277.44","$15,205.00","$35,426.00","$59,020.00","$112,935.00",--
"Tulsa, OK",1049255,533872,"$52,148.57","$21,220.00","$35,500.00","$60,000.00","$100,120.00","$335,100.00"
"Tyler, TX",270257,118506,"$47,012.44","$15,001.00","$40,000.00","$55,060.00","$120,005.00",--
"Urban Honolulu, HI",1040410,560216,"$58,531.28","$25,464.00","$48,101.00","$75,400.00","$116,905.00","$252,860.00"
"Utica-Rome, NY",270568,161947,"$62,192.73","$24,602.00","$45,001.00","$70,275.00","$109,243.00",--
"Oxnard-Thousand Oaks-Ventura, CA",909384,457925,"$56,923.54","$26,001.00","$42,026.00","$80,020.00","$130,029.00",--
"Vineland-Milville-Bridgetown, NJ",125190,44528,"$36,476.78","$17,200.00","$34,812.00","$50,020.00","$72,124.00",--
"Visalia-Porterville, CA",395732,173176,"$44,019.97","$20,000.00","$34,840.00","$55,501.00","$92,118.00",--
"Waco, TX",286622,138767,"$54,608.54","$28,250.00","$45,000.00","$65,301.00","$103,056.00",--
"Washington, DC/MD/VA",6413834,3804937,"$91,652.55","$31,440.00","$66,020.00","$118,326.00","$184,787.00","$526,505.00"
"Waterloo-Cedar Falls, IA",281202,165438,"$52,439.80","$18,000.00","$41,825.00","$71,700.00","$120,102.00",--
"Watertown-Fort Drum, NY",185230,102772,"$53,008.02","$22,609.00","$48,000.00","$75,000.00","$93,775.00",--
"Wausau, WI",172954,109719,"$54,794.00","$30,000.00","$45,000.00","$78,006.00","$120,550.00",--
"Wichita, KS",751233,423858,"$52,049.05","$20,200.00","$40,000.00","$66,104.00","$100,000.00",--
"Wichita Falls, TX",267327,123094,"$72,671.28","$25,001.00","$45,053.00","$79,000.00","$122,000.00",--
"Williamsport, PA",292278,149639,"$48,558.79","$28,001.00","$37,401.00","$62,000.00","$85,407.00",--
"Winchester, VA-WV",247626,162398,"$67,991.36","$38,000.00","$55,000.00","$91,502.00","$151,764.00",--
"Worcester, MA",1025590,573923,"$59,871.96","$20,000.00","$41,000.00","$78,749.00","$137,550.00",--
"York-Hanover, PA",475395,264503,"$51,015.62","$22,505.00","$45,400.00","$74,600.00","$100,020.00",--
"Youngstown-Warren-Boardman, OH",575892,314708,"$44,501.12","$17,000.00","$37,424.00","$56,314.00","$82,001.00",--
"Yuma, AZ",368434,199342,"$48,708.11","$20,000.00","$30,000.00","$50,255.00","$99,513.00",--
"Other metropolitan areas, unidentified",2671451,1266915,"$56,420.35","$20,750.00","$37,150.00","$65,035.00","$120,000.00","$350,011.00"
"NIU, household not in a metropolitan area",40519738,19844757,"$49,363.92","$21,402.00","$37,889.00","$60,035.00","$95,050.00","$248,675.00"
Missing data,11483812,6024518,"$54,533.59","$22,201.00","$40,039.00","$65,101.00","$106,210.00","$280,003.00"
